{
    // Use IntelliSense to learn about possible attributes.
    // Hover to view descriptions of existing attributes.
    // For more information, visit: https://go.microsoft.com/fwlink/?linkid=830387
    "version": "0.2.0",
    "configurations": [
        {
            "type": "java",
            "name": "Debug (Launch)-PetClinicApplication<spring-petclinic>",
            "request": "launch",
            "cwd": "${workspaceFolder}",
            "console": "internalConsole",
            "stopOnEntry": false,
            "mainClass": "org.springframework.samples.petclinic.PetClinicApplication",
            "projectName": "spring-petclinic",
            "args": ""
        },
        {
            "type": "java",
            "name": "Debug (Attach)",
            "request": "attach",
            "hostName": "localhost",
            "port": 0
        }
    ]
}